y_test_true,M9,M10,M11,M12,M13,M20,M21,M22,M23,M24,M25,M26,M27,M28,M29,M30,M31,M32
0.653846,0.5910843829695487,0.6128403,0.5835544403385059,0.5823097,0.5825712290882433,0.5347995481440495,0.5647395588935638,0.5746287,0.5417409791519371,0.5104474340013333,0.53678155,0.5681146842587556,0.5735519056857357,0.57616234,0.5770954355483998,0.59133136,0.5672763178801998,0.564747
0.640420003,0.5713073475073169,0.5763386,0.5720710662218824,0.57145673,0.565046271723323,0.55911931950039,0.5875937515028344,0.5796021,0.5733094369941663,0.5769586245044998,0.588951,0.5772258076711434,0.5718679134304965,0.56708544,0.5728258261603998,0.5752206,0.5733801612058,0.5778298
0.745192308,0.6890512975554663,0.7179147,0.6871613946170697,0.6931454,0.6924754696160127,0.7550632107288764,0.735438695936282,0.73539203,0.7544756353244383,0.7521188833280836,0.7493318,0.6985490924609283,0.7035505684900778,0.7212732,0.7022899372712003,0.7178302,0.7039599831941988,0.7109547
0.608783615,0.6252120750485538,0.64185536,0.6230395893300028,0.6327969,0.6282090086429626,0.6353356280079108,0.6432256479656846,0.65302,0.6239573831705623,0.606407107101896,0.63844246,0.6392549736649453,0.6360690710653755,0.6573695,0.6375136592160003,0.65933794,0.6474267011268,0.6610293
0.676136364,0.6070300682548873,0.5942962,0.6175877772532002,0.5957081,0.6259825440910858,0.6757678597059078,0.6654384494090995,0.63911974,0.6683263957741666,0.6589708544481876,0.65266454,0.5768333665763274,0.6139739002794002,0.5996903,0.6148214080007998,0.6021829,0.5946473597792004,0.57101
0.754807692,0.6717513850587479,0.6886537,0.6676455342023411,0.66110873,0.6607542820794092,0.7312057181409604,0.7305156358256731,0.70062864,0.7354041886323753,0.7271153350345209,0.72372365,0.6545651695340585,0.6784145462412317,0.68531317,0.6798307711788006,0.68506455,0.6634176186278016,0.65616864
0.5625,0.5550194890363217,0.54236805,0.5446480345123591,0.55657345,0.5468688818878168,0.48502538879037893,0.5085124538448216,0.48794562,0.4792434836689372,0.48341743901610423,0.48794478,0.5512736065789524,0.5437637168332412,0.53931296,0.5466121314224,0.5369423,0.5467457853523997,0.5472158
0.730769,0.6481136227857205,0.66964114,0.6260891698021165,0.65910023,0.6288296246313547,0.6053036189231461,0.6303894893068502,0.62353307,0.6119729877900836,0.6104914005311667,0.6114961,0.6368688690222024,0.6154138241699678,0.5937233,0.6128899578384,0.6116641,0.6120848377256,0.59747803
0.651041667,0.6382895472435202,0.6536058,0.6418215809200403,0.6445474,0.6468823692343493,0.6580508068399764,0.6605538515089805,0.6529784,0.638172211263708,0.6543328935165625,0.6407886,0.6426730759283558,0.6445172098512751,0.64191645,0.6450112120748,0.65340674,0.6459256247168004,0.6435447
0.538462,0.5029937321212276,0.49184293,0.49772932661371366,0.4771542,0.4900437666937359,0.47281648138309257,0.44237277765369587,0.4661623,0.4691175072032707,0.4926941313452084,0.46482652,0.4770395479864222,0.46884379664980447,0.44068187,0.502994563738,0.48190838,0.4725009002093998,0.4478261
0.448164066,0.5352020666228988,0.52303827,0.5378259310496741,0.54833466,0.5369387556944554,0.5181284559472661,0.4907905051438914,0.4815759,0.510651383464625,0.524878734796375,0.50289595,0.5533515754499801,0.5326928926087767,0.55438507,0.5395173687044001,0.53943545,0.5520809192264003,0.5812001
0.653846,0.5937746838704259,0.5844438,0.5901167385148514,0.60502416,0.5920859269879015,0.6009044006441088,0.6441880101898652,0.65721047,0.6055652978860419,0.6105813997785833,0.6626151,0.5920792527650645,0.5630706756622244,0.54892874,0.5686374311771999,0.55060744,0.5734902745166,0.56310713
0.461538,0.6050654608636614,0.63066113,0.6102805950629471,0.6412147,0.5961921641212948,0.6148913326642271,0.5886501781583547,0.59031194,0.5972354380027294,0.5985197291798128,0.6111833,0.5980355716493039,0.5961608294886962,0.6105073,0.5986144196092,0.61186236,0.6057171188973998,0.6195051
0.346154,0.3929919877481045,0.35551706,0.41312854039373537,0.38968572,0.42024764196476616,0.4056571465691281,0.40040640036038394,0.42898646,0.4184946289204999,0.42016918320725,0.39766484,0.3941289457945376,0.39697681816790903,0.36175722,0.39198654019639995,0.35938826,0.3853085516206002,0.36963284
0.671875,0.5796460433173924,0.58533734,0.5568565345718006,0.55447584,0.5501085260532153,0.5739867368516134,0.5724942691633242,0.59487915,0.5649090152633957,0.5616447989065,0.5967649,0.584040918860067,0.5844901467491381,0.6087429,0.5846553952708,0.5950006,0.5832564311195995,0.6015457
0.807692,0.5777220902522023,0.5788208,0.5634827419059674,0.55636156,0.5637112763431349,0.5506978644631998,0.5245650512689024,0.49251914,0.526002848051583,0.5615592066183958,0.5095037,0.5531978536688028,0.575421157725476,0.577078,0.5687449085328002,0.56657386,0.5622512939931998,0.5686262
0.455659939,0.5047948052136765,0.47329894,0.4945148743646513,0.46987343,0.49738016168136945,0.43617772329249566,0.45217244359768627,0.45632905,0.4354035445128542,0.45820625426868766,0.4443592,0.5128029142416024,0.48242656178494914,0.45143342,0.4886155797203992,0.45427465,0.4926214745311993,0.4718465
0.354166667,0.48609126370716227,0.4653461,0.4840933518982992,0.46018595,0.49664962733679985,0.44394523018246373,0.45923239920413605,0.4639071,0.44220264729804154,0.4404184494158542,0.4478231,0.48819116341694346,0.4915757727265914,0.48015293,0.49541924679600013,0.48344555,0.4917631930892,0.48799282
0.307692,0.5883348392142983,0.59303033,0.5884769561067221,0.5958556,0.5972540974918941,0.6080883106006035,0.6179075174535014,0.59696686,0.6309095815602915,0.6105806275837917,0.6230737,0.5829391490722754,0.5677748795018933,0.54546344,0.5682448364723999,0.55603683,0.5772280775179999,0.5635227
0.423077,0.5678762693781689,0.5593026,0.5640170299031049,0.5764467,0.5681602309895674,0.512115542607224,0.5365059129851766,0.5609986,0.5388544226698124,0.5126355945819168,0.5251428,0.5380191656427133,0.555928075752478,0.55167514,0.5555833542024,0.5427136,0.5470567513325999,0.5447296
0.538462,0.5903306162482773,0.5728208,0.5889819581414515,0.5929507,0.5956287699165455,0.5606586059892725,0.6227366407086301,0.62836665,0.6098016141029585,0.5799953198325001,0.5953407,0.5915821636142732,0.5923338690218175,0.60115993,0.5887564672652,0.5979395,0.5958064615313998,0.6035465
0.846154,0.5741065925312239,0.5838274,0.5773420213122978,0.58643806,0.5722463778471145,0.5878444790628885,0.6066590207530081,0.62813556,0.6127282906968542,0.6143396357780627,0.6342896,0.5826215314349714,0.58351489711085,0.5978421,0.5783288892128,0.58155143,0.5892280146572,0.6086577
0.389479171,0.45536063225043993,0.42217284,0.45244716094622134,0.42982832,0.4614041921877214,0.42142882350724,0.415131404908781,0.41746306,0.42413111015802085,0.4425191551884793,0.41681165,0.436563612682742,0.4587939380637587,0.43781224,0.4607302830931996,0.44508687,0.44752737237000073,0.43540096
0.5,0.4611317210110621,0.43490443,0.46301975286424185,0.4496277,0.4601415520297338,0.44839398798681274,0.4714416999755199,0.51620877,0.4585762511081247,0.4699897402095834,0.46917716,0.45454625773926177,0.49346530930713006,0.45186582,0.4734150086652001,0.44104987,0.4902965222557998,0.45474157
0.307692,0.4090492140288398,0.37359273,0.4192342560922426,0.41393685,0.42224933513716223,0.39179699411832064,0.41140230900540453,0.4580946,0.39888870032022933,0.3852518341266876,0.4050099,0.40796718006984467,0.4018844258407411,0.3623892,0.40234958075560023,0.36728907,0.39862943057579997,0.36870733
0.5,0.4553832240755127,0.4285497,0.49327106968657225,0.4738381,0.48105114966620804,0.46470467865108384,0.4414917558420589,0.48118514,0.46987329665691646,0.47693509847670834,0.44858465,0.46364655265702737,0.49008241748651155,0.4748949,0.4817223443508003,0.47308025,0.4822643188198,0.48221692
0.538462,0.6210625201424633,0.6519085,0.609280532136599,0.64170927,0.6090914344047513,0.6300218215170665,0.635419336361542,0.6317986,0.6025629174497291,0.6298251133626875,0.65753317,0.6076181620017623,0.6408518277788884,0.6809551,0.6259168262192,0.6666989,0.6410852735066004,0.67548466
0.576923,0.4829651811232812,0.4426867,0.4842990055879669,0.45658565,0.4913533276839572,0.4137678133450545,0.4500039639487148,0.41293174,0.4238809573940833,0.4252532598908541,0.42063314,0.4818763966059018,0.500732180713027,0.47927633,0.5036767369228002,0.47933277,0.4870278634315999,0.47202453
0.730769,0.6038529434358608,0.61001074,0.6112455466981647,0.62963575,0.6032492777096807,0.6405753276857349,0.6377524530401721,0.6304483,0.6063118461776043,0.6027530370746044,0.6382698,0.5966576447653682,0.5941327670283839,0.5906231,0.5907195599736002,0.59788203,0.5898912776800003,0.58148086
0.560994228,0.5774358907996743,0.5949995,0.5748194613720058,0.5797738,0.5743680092252049,0.5821866583633506,0.5905078630167498,0.5997159,0.5942696860156667,0.5843654462732498,0.5937322,0.5791598476828557,0.5945631553192965,0.6064175,0.5892810446955996,0.6042253,0.5921777989114005,0.60001796
0.5,0.5819862641940404,0.5828872,0.5972390705292536,0.59909266,0.5776704907238754,0.5363737745991142,0.5545093097100263,0.5440664,0.5656763071262083,0.5864797825420623,0.5429478,0.6090749284640558,0.5925769455820118,0.6030618,0.5905753174976,0.59774655,0.5916906308274001,0.5908123
0.62904294,0.6293307424076451,0.6489898,0.6319721454037314,0.63918334,0.6289793510436698,0.6517228824310315,0.6648839220198026,0.6706752,0.6380546108135832,0.6500373347922916,0.67113364,0.6389356816200771,0.6364555658090475,0.65870714,0.6331273897724,0.6534172,0.6442235865111999,0.6597462
0.769231,0.6120115471366288,0.6232056,0.6125912188627743,0.64725316,0.6007968367911332,0.6247557462609549,0.6215809592574942,0.6132601,0.6141220801995625,0.5888780114132708,0.59053266,0.6242670814006044,0.6177958066619245,0.64025724,0.6204235321868,0.65120834,0.6343701472111998,0.6439428
0.423077,0.4254132214806858,0.41067442,0.4274054431777044,0.40380278,0.4312283351648215,0.36991544823024236,0.3462920919811627,0.33773673,0.36277924401643746,0.38049729444843755,0.33600104,0.4150714482899748,0.45528361086164465,0.43455082,0.45168276379120026,0.42615876,0.44250560246479964,0.44678798
0.428571429,0.5297690778298888,0.5361465,0.5128447587887213,0.5068094,0.5150075899651884,0.5115718220337188,0.5334218525742943,0.5428433,0.5424298947361246,0.5084292616716872,0.5242572,0.4877084919127766,0.49528175085036696,0.479451,0.4872108593824002,0.47113696,0.49486412848059985,0.48371
0.395833333,0.4489577711377037,0.43254834,0.45114415699838795,0.4347136,0.47274316489815515,0.43468789229000493,0.4381978964812456,0.41034833,0.4596565983542707,0.4662019174427498,0.44961542,0.45873999854421177,0.4420573816412731,0.41437393,0.4398232859796001,0.409484,0.4428523144684,0.42392105
0.692308,0.5990616211056153,0.6150353,0.5918832102187217,0.6123213,0.6019927465092435,0.5274975711836134,0.5600090468100233,0.5686698,0.5879026943208333,0.5641244556825628,0.5686652,0.5998699514776527,0.5899910167083652,0.587469,0.5821896616448,0.59510064,0.595665640304,0.597442
0.534090909,0.5311127067698459,0.52268285,0.5309910360912735,0.52648914,0.5327006130396009,0.49204748649853275,0.5029150863902696,0.50590247,0.5105123328022497,0.5066847568372704,0.509198,0.5325407116130895,0.5283014771472643,0.5281181,0.5308081833756002,0.52451646,0.5292544284103987,0.5296597
0.769231,0.634173037677397,0.6449283,0.624336702611123,0.6501156,0.6218639029333566,0.6303489550345918,0.6405511512747152,0.6303388,0.623664102198021,0.610197538789125,0.63055193,0.6445280842232999,0.6304407696583012,0.6335376,0.6293746958136,0.63665277,0.6332918877751996,0.63452935
0.526041667,0.525106897805822,0.5268734,0.5218575548809233,0.53327376,0.52031404733025,0.5131985940196355,0.5172919723509695,0.5172235,0.5189082281757913,0.5197732626544579,0.5234119,0.5289506091996532,0.5249889595578947,0.52139705,0.5206514394267999,0.5202107,0.5298698267164,0.5288327
0.230769,0.42685510025013035,0.41386756,0.4323311626810299,0.42010945,0.4333142267297482,0.41234051795468096,0.41174369747499345,0.44493738,0.43139176224297915,0.39379926421395844,0.3957321,0.42629500424394395,0.42002652769688753,0.3971065,0.42128344248599997,0.3995853,0.4150027144041998,0.40988904
0.692308,0.6018657743576881,0.586183,0.595118790036248,0.5943278,0.6049787496403949,0.5910203156433342,0.6072244695434162,0.5933614,0.6226077118347708,0.6007195689607083,0.58359516,0.6140182067878739,0.5978408676442651,0.59629434,0.5923262665208,0.60166353,0.6041130136252001,0.62516016
0.910714286,0.5273273831819534,0.5209566,0.5443366546085244,0.5453353,0.5394460679112452,0.5265249858952938,0.5563171704717875,0.5685782,0.5442113019315622,0.5461948716492292,0.57869756,0.5495147584677743,0.5294051529441715,0.5317453,0.5228064737343998,0.5255643,0.5342389728163999,0.54250896
0.230769,0.4087495914567013,0.35947293,0.4242306568486243,0.39401346,0.4239940978506995,0.40054858189266074,0.4102242007618207,0.43530673,0.4109378700243333,0.40537516079314573,0.427433,0.39979017545313184,0.3978522118645297,0.34007615,0.4102294402692001,0.38995034,0.38616700003419996,0.3442431
0.576923,0.5799223201052645,0.5918162,0.5818551104798096,0.5864434,0.5818139659922547,0.5673768443744183,0.5452701603054463,0.52787995,0.5696445111985833,0.5741959483355414,0.5610932,0.5609129333556242,0.5635385604262083,0.5587637,0.5613755343311999,0.56124645,0.5658179075539999,0.564742
0.728967095,0.6418621146188569,0.6654734,0.6466295099563849,0.65435874,0.6349881788112994,0.6391692531317894,0.650266978004505,0.6716587,0.6501027490696458,0.6467737326787709,0.6668464,0.6386152345199595,0.64567428879929,0.67637736,0.6417006526472006,0.67234856,0.6435904733927997,0.65665495
