y_true,Ridge,Poly_Ridge,RF,GB,KNN
0.60416667,0.593462963594425,0.5856797286583006,0.6029658635699998,0.5975898504138133,0.59513408
0.65104167,0.6724107900919251,0.6720509214192875,0.6574447256499993,0.6614760499380998,0.657939916
0.50520833,0.47649569937409664,0.46733160694978026,0.5055440501100004,0.48828788630627573,0.4959890576
0.41145833,0.43714798507186814,0.42815545852804227,0.41558501663999986,0.4215099656535628,0.41979151200000003
0.5625,0.5686357546283239,0.5582962832692823,0.5592118426800001,0.5616437154008039,0.5590226927999999
0.77840909,0.7814495556043312,0.8006197162821512,0.7748207905999991,0.7715571000629046,0.780681756
0.77272727,0.7906864613397516,0.8129090189416937,0.7817474416000006,0.7819158584854866,0.7855768619999999
0.72727273,0.7566225136316865,0.7712498929439849,0.7375757799000004,0.7518020531783542,0.7515442259999999
0.69318182,0.7377775597926401,0.7485083627784438,0.7158173196000004,0.7238899814961307,0.7251747799999999
0.75520833,0.8020435893543404,0.8263723491805851,0.7611880744000002,0.7631079058756929,0.8041666199999999
0.68489583,0.7300237273210223,0.7420197112101805,0.7136402489400006,0.723819121995114,0.7206329199999999
0.84895833,0.8666205079862712,0.9115949101893825,0.8628558345000004,0.8602105628325466,0.864255552
0.765625,0.8034742720803432,0.82989087239513,0.7878245365999998,0.7894584728470166,0.796394262
0.80729167,0.8207717869825706,0.8529513136040227,0.8172592378999991,0.8195949080708766,0.821947844
0.90104167,0.865622090971629,0.9137440265141513,0.8927990198999993,0.8964603318512623,0.8681818340000002
0.56770833,0.5734409955421967,0.5640859894766903,0.5683361426200005,0.5670155794515761,0.5688188023999999
0.671875,0.6797294110305404,0.6807442373278377,0.6745193500899996,0.6660079570479847,0.6766827519999999
0.42447917,0.4548397596516598,0.4448373968837502,0.42949963955000003,0.4360993465150214,0.42810452200000004
0.390625,0.3964625405705895,0.3920666965695765,0.3945666188099998,0.3939113004240121,0.3915191586
0.44791667,0.4239039140573485,0.41783860261727235,0.44253605534000007,0.4301172275573167,0.4535657316
0.61979167,0.5986301293015424,0.5908597337664477,0.6034562552399997,0.5975898504138133,0.5982590799999999
0.56770833,0.5707417817302591,0.5612724256261356,0.5708041589000005,0.5670155794515761,0.5720683784
0.54166667,0.5140022600957471,0.5042397064822982,0.5296924171999997,0.5147504660750702,0.52249035
0.36979167,0.380820376690909,0.3777960594258575,0.3708936681400001,0.3627866355651286,0.3548112736
0.41145833,0.40683627795580335,0.40150494827840877,0.4122347430699998,0.4082966069009656,0.4361376659999999
0.45833333,0.5107866267868253,0.4982074533101607,0.4697001671300003,0.4840901984543214,0.483637386
0.51041667,0.5240389925758756,0.5131703627404565,0.5025612085699996,0.5040949480814565,0.49792315
0.71354167,0.6998667554099591,0.7045926378809931,0.7059910156399992,0.7035631334721721,0.6953386336000001
0.46875,0.46082736140967284,0.4523811458313495,0.47709224521000004,0.47348725243298356,0.4818403018
0.34375,0.36357692408462183,0.3609204862018127,0.33746583634,0.3417132649654425,0.3237804166
0.38020833,0.38183423178440223,0.37846286337517976,0.3616161002599999,0.3622833840997923,0.3563052376
0.55208333,0.551067411706602,0.5408983112321528,0.5509644434000006,0.5449425288979769,0.5426998359999999
0.77083333,0.7611871769308455,0.7775041594020762,0.765183569100001,0.7695291524400825,0.750582842
0.765625,0.7563244978406567,0.7732810115007908,0.7667067937,0.7655747449243604,0.773317338
0.69791667,0.7114455369421879,0.7191003101953424,0.7022244655099995,0.7197341094140594,0.7117624257999999
0.68229167,0.6878163551162456,0.6916403269764804,0.6977778198999998,0.7006486376466845,0.699919888
0.63020833,0.665152584844586,0.6651365403222255,0.6463921396100002,0.6614760499380998,0.6734028234
0.7109375,0.7274689617597472,0.7373768798401582,0.7168125191,0.7262495748411073,0.7171874540000001
0.75480769,0.7712021381662519,0.7920717986235019,0.7754325709000014,0.7876867947220069,0.7865382759999999
0.70192308,0.7310724092339812,0.7400473291695612,0.7091659745,0.7262495748411073,0.729159908
0.70673077,0.6900787848534308,0.6941403896924531,0.7032051250599995,0.7006486376466845,0.699919888
0.58173077,0.5947738330833502,0.5879299048542735,0.58430105169,0.5984986859155723,0.588421633
0.56730769,0.5891814110184951,0.5820505944136514,0.5881055823200002,0.599821499589924,0.5841707182
0.82211538,0.8133177058611233,0.8433686079590642,0.8205685438999997,0.8195949080708766,0.8229968260000001
0.71153846,0.7267515491472978,0.7345214386202371,0.7084528499000001,0.7262495748411073,0.729159908
0.53365385,0.5908375923442407,0.5803837648997022,0.5369815816600004,0.5524040114241675,0.55439854
0.77403846,0.763551905618219,0.7791129347129466,0.7594274467000003,0.755935728968874,0.748834498
0.72115385,0.7403073186321103,0.7499212521270807,0.7188644068999999,0.7299067239897867,0.73094395
0.53365385,0.600184366098841,0.5909286302632898,0.5413694834000004,0.5538652733384734,0.5620907399999999
0.73557692,0.7407426464203014,0.7543331788922525,0.7393617349399999,0.7501784319222995,0.7586652299999999
0.71153846,0.7186582588163984,0.7264844161684084,0.71718047664,0.7270651604638417,0.7278844760000001
0.57211538,0.5864102682932685,0.5775658341850902,0.56364991643,0.5577556652335702,0.571066694
0.51442308,0.5238910079311071,0.5136316692105676,0.5292051008,0.529800288574811,0.537324739
0.53365385,0.5236873835476871,0.51399680067688,0.5352514402000004,0.5333819496966778,0.537324739
0.68269231,0.7295489596146101,0.7392213822800243,0.7057331587999996,0.7262495748411073,0.7251935620000001
0.73557692,0.7535014910954542,0.7688200676804188,0.7406868138,0.7475645995457952,0.756009708
0.68269231,0.715100767287628,0.7214642937037864,0.6993158498799997,0.7217360644293764,0.7273531768
0.45192308,0.47817520020284465,0.4676436280704616,0.44629603257999995,0.4528997590713994,0.4509615699999999
0.42788462,0.4548871065562988,0.4444765846107831,0.4219558002200003,0.4200520064488539,0.4194593154
0.5,0.4802349683222893,0.4703542104362377,0.4913208349,0.4868621720233503,0.4718703916
0.79326923,0.7975943551337704,0.8233805276217611,0.801692249800001,0.8178858784195879,0.817307754
0.75480769,0.761983783610421,0.7797890063174814,0.7649639160000011,0.7710215307185132,0.781730738
0.67307692,0.7051420237727696,0.7104639446435695,0.6877004623899998,0.7089934033603298,0.6927084560000001
0.5,0.4946395935393568,0.48527745000471345,0.4982453161900002,0.507367816610183,0.49311445660000003
0.45192308,0.4494563503117651,0.4404794763696412,0.44236727904000006,0.4360993465150214,0.4200973288
0.41826923,0.43509995525690004,0.4263089857477217,0.41678681342000007,0.4215099656535628,0.41866375799999994
0.77884615,0.7850781941826993,0.8075075995009541,0.7867437866000013,0.7922514245312374,0.787499876
0.77884615,0.7857234609730213,0.8088871854354466,0.7837885522000009,0.7913923628992648,0.7874998759999999
0.70192308,0.7132943635789688,0.7217389976218409,0.7096920813000003,0.7197341094140594,0.7167725199999999
0.73557692,0.753292847856374,0.7669308153749067,0.7417569650000001,0.7499454904909933,0.745454484
0.77884615,0.7699805184216006,0.7883635727312029,0.7757491587000009,0.779109614024755,0.776281926
0.67788462,0.7168145501228317,0.7268041346536761,0.7036233240900003,0.7197341094140594,0.71276611
0.71153846,0.7123728561751915,0.7197283398878077,0.7137735908699999,0.7197341094140594,0.7153423798
0.72115385,0.7150248928121131,0.7230593036220695,0.7261136987999997,0.7270651604638417,0.7219128457999999
0.62980769,0.6587689825772165,0.6577787277750121,0.6419275005500001,0.6649767370246626,0.6531468520000001
0.67307692,0.6633714852106883,0.6634234625745622,0.67860001564,0.6703130816467087,0.674380796
0.66346154,0.6555190852923377,0.6544325933670925,0.66051593999,0.6677905288461987,0.6605176834
0.61057692,0.6570660455855565,0.6540676017007304,0.6223777871199999,0.644092148564355,0.6319083004
0.8125,0.8165875695430534,0.8472851147307389,0.8155947728999997,0.8195949080708766,0.8219478440000001
0.72115385,0.7245834871207059,0.7358959013495331,0.7229607009999998,0.7303923277407877,0.70909446
0.79326923,0.7972352487405824,0.8220291643302872,0.7950404510000005,0.7990374548254917,0.7976180380000001
0.61057692,0.6963101584433196,0.6972130361163472,0.6391586298099997,0.650605248592535,0.6813215539999999
0.74038462,0.7543195814787221,0.7695399569788745,0.743430965,0.7496754012646838,0.757051374
0.75480769,0.7804660959997548,0.7995485753432877,0.7642394992999999,0.7711635456254627,0.780681756
0.68269231,0.6973184695519764,0.7010351781781561,0.6882672825799996,0.7003743491752541,0.6968611316
0.61538462,0.6539036257814917,0.6506642180335974,0.6275931856700001,0.644092148564355,0.6334387968
0.73557692,0.7144146517336764,0.7207655832881225,0.7260956360599998,0.7225516500521109,0.7273531768
0.53365385,0.5580512729220427,0.5484032815442728,0.5343836357600004,0.5449425288979769,0.552867436
0.51923077,0.5302720629823722,0.5213937597762486,0.52072812825,0.5311103172529157,0.526923354
0.72596154,0.7257590093919698,0.7356955252850252,0.7264459282,0.7270651604638417,0.726802792
0.65865385,0.6880793781101927,0.6895583500074228,0.6673121313099998,0.6660079570479847,0.6836539699999999
0.63461538,0.6571531096634032,0.6553297632324974,0.6403051481799998,0.6614760499380998,0.6479199216
0.69230769,0.6853930608561177,0.6870082951040176,0.68451729807,0.6904047829317984,0.6776442919999999
0.52403846,0.5427608418992219,0.5329839909423124,0.5323495210000001,0.5416616898525294,0.548676216
0.45673077,0.47835451601525236,0.4684130834680905,0.46907300147000003,0.470439775454307,0.4656125006
0.69230769,0.6986916426701067,0.7029564350333447,0.6945799355200001,0.7003743491752541,0.7011078656
0.73557692,0.7256939970136255,0.7359105863599936,0.7303565022,0.7270651604638417,0.726802792
0.65384615,0.667939968085301,0.6684567136521254,0.6554756249800002,0.6660079570479847,0.6734028234
0.67307692,0.6807241531020557,0.6823408841920967,0.6689488804699998,0.6660079570479847,0.6797683214
0.62980769,0.5974295609525565,0.5922596295269571,0.62112461364,0.617754156698936,0.6144894790000001
0.51442308,0.5116344578719297,0.5027181671661818,0.5210986405000003,0.5272652584396469,0.514431015
0.65384615,0.6790437122186449,0.6807943589657119,0.66464184258,0.6660079570479847,0.6790135308
0.76923077,0.8028826813246056,0.8283115451698065,0.776310111999999,0.7765960386414843,0.8041666199999999
0.65384615,0.6983492813823758,0.7030450468237414,0.6826936528699997,0.6848104767436132,0.7054046344
0.71634615,0.7619058698538287,0.7776001600626931,0.7316797758000004,0.7467617248098707,0.748834498
0.80769231,0.8027134206250276,0.8301566384653715,0.8212873882999986,0.8232503567540296,0.811778908
0.76442308,0.7867931092757608,0.8094359226209518,0.7773688085000009,0.7842861578878464,0.787499876
0.82692308,0.8210716191793918,0.8542937857752614,0.8270782365999999,0.8234336193604976,0.821947844
0.52272727,0.5423432128930795,0.5314554619138712,0.5286168777799995,0.532324782269932,0.5199302539999999
0.625,0.6236433020658608,0.6195165346829419,0.6249537962000002,0.6292117073333113,0.6256994539999999
0.64204545,0.633047501545739,0.6294121359406158,0.6449609181999995,0.6471350607039268,0.6434933732
0.625,0.6185423636999885,0.6141870996095492,0.6267184642000003,0.6292117073333113,0.6266677531999999
0.52840909,0.53921534747388,0.5270417547859778,0.5246783281999994,0.5292759008089779,0.5260433474
0.53977273,0.5332434789490269,0.5213387205810438,0.5342021560800005,0.5331540695142266,0.5399061294
0.47159091,0.4923820992019461,0.4808152073974707,0.4849645911200007,0.47963742518231706,0.4713536948
0.66477273,0.6420633432769259,0.639987532532403,0.6601317008400008,0.6613150210072815,0.666294546
0.64204545,0.6501856678687267,0.6494092076106716,0.6550451086699993,0.6645189620776716,0.684738708
0.65340909,0.650768525030232,0.6502236491289081,0.6543589238699988,0.6645189620776716,0.682167908
0.64772727,0.6469705243259735,0.6466728227949149,0.6508172688999992,0.6645189620776716,0.650174762
0.65909091,0.6731036753197207,0.6732938937028401,0.6587266898300012,0.6660079570479847,0.6578672322
0.84090909,0.824600032918574,0.8581155801184773,0.8362332313999985,0.8356549054175553,0.842140168
0.6875,0.6860589390046753,0.6895359015449566,0.6974559752399999,0.7014352678521506,0.7047275340000001
0.39204545,0.42839412879761285,0.4193601881555036,0.40022487111000005,0.41206425791922574,0.4212496484
0.48863636,0.4871488410585888,0.47816754656284294,0.4928049827000005,0.4956099544568622,0.5031367287999999
0.66477273,0.6619698386524017,0.6615190035067046,0.6689125329900009,0.6649767370246626,0.669573134
0.78977273,0.7914766137826653,0.8145891786584517,0.7890205794000005,0.7853296096862037,0.7855768619999999
0.61931818,0.6190987272603029,0.612923258125532,0.6157556072400006,0.61049617321496,0.6158142891999999
0.41477273,0.42336440568596834,0.4153808147443726,0.41765857050000027,0.4177824953496903,0.41976355839999996
0.44318182,0.46172404003729517,0.4515322250190291,0.4455978947399999,0.4395196596484014,0.435384522
0.34659091,0.3880234816568975,0.38355621767635667,0.35578875910000024,0.3622833840997923,0.3673703432
0.52272727,0.48638829113614446,0.47687747215691423,0.5135572547899994,0.4956099544568622,0.49547384120000004
0.67613636,0.6470059022648552,0.6446482214508834,0.6693926153600003,0.6645865877758086,0.676259672
0.75568182,0.7620827109110293,0.7771450419818294,0.7526660846000006,0.755935728968874,0.748834498
0.52840909,0.564521925715877,0.5522449192830458,0.5293108801399995,0.5323482267904693,0.5511628448
0.45454545,0.4985506769242034,0.4862331043244501,0.46318502091999997,0.4753424160208095,0.474507272
0.61931818,0.6007469605539429,0.5942782328226114,0.6125183966900003,0.6088641482937754,0.597596115
0.64772727,0.6252592250076437,0.6211109187792331,0.6389831154599996,0.6311789057888849,0.6256994539999999
0.59090909,0.5886439930952819,0.5807130023854218,0.5923777256999997,0.5863976762602784,0.5780636180000001
0.35227273,0.46672775824677837,0.454280393017067,0.37034181141999994,0.38976289108644885,0.4002709394
0.60227273,0.5958112517934405,0.5880054173837149,0.5998889813000006,0.5975898504138133,0.596015414
0.571079232,0.5712684532772996,0.5625547387844466,0.5697588926500008,0.5693021142799398,0.5693525928
0.617074811,0.5863186843959074,0.5791036228189865,0.6166979539100007,0.6025705060615183,0.5736813002
0.417794564,0.4523755027110835,0.44326133477320057,0.4242999423399996,0.4360993465150214,0.4306743288
0.365823651,0.41396769866797556,0.4056244023752076,0.3672487507199997,0.3756357413656141,0.3949875338
0.554831352,0.5784301874589987,0.5691595209060564,0.5532449553300006,0.5606474220808104,0.5552773363999999
0.531256662,0.5301577552854452,0.5199713984357218,0.5411337168799996,0.5324765614432198,0.5482451484
0.629883689,0.6093334792129347,0.6043069534237374,0.6208125928300011,0.6253007074606534,0.6241684368
0.521107479,0.4874191044866978,0.4786836207770626,0.5132532805700006,0.5112290558216357,0.4988018218
0.431679374,0.4184668667932493,0.4126884194943942,0.42781743700000013,0.43340726316001016,0.4424186748
0.688897466,0.678436151557246,0.6805532780266866,0.6926425072900002,0.6911914131372645,0.6849339306
0.434875161,0.42855963625780136,0.4225740047626567,0.43729001775000037,0.43098107417209386,0.4290613468
0.435297988,0.42685648968502554,0.42045451057844363,0.43911871744000003,0.4301172275573167,0.43782525219999996
0.409498442,0.42681965586675097,0.41977663962623235,0.4272841024800001,0.4301172275573167,0.44315782000000004
0.353717605,0.3802831236795294,0.3781909695124468,0.36727045708999984,0.36713984691792706,0.3832469946
0.55311862,0.5471987939123651,0.5379873081516866,0.5479773686999998,0.5471811039746197,0.5383667232
0.496331653,0.48230344752514576,0.47279309202687275,0.48943087257999957,0.4868621720233503,0.4927618916
0.706568159,0.6982531603676749,0.704404352549166,0.7251121899999999,0.7233252797154212,0.7315657452
0.581259278,0.5964455379211543,0.589620056089647,0.5861094050199995,0.5975898504138133,0.590865269
0.516065325,0.5065305944545939,0.49759041640773005,0.5109883965199998,0.5083095702907993,0.49985768099999994
0.289236253,0.33520129697392254,0.3364775845266338,0.28846331980999973,0.2909601174638746,0.2963088506
0.483749082,0.5097445545656681,0.4986685713366241,0.4891680390100004,0.5020526879918998,0.4931898164
0.573445625,0.5012095145354805,0.492946623183265,0.5433813701799999,0.5370322931062563,0.5318758913999999
0.622244157,0.6129242261896485,0.6085828669961627,0.6279800157799996,0.6292117073333113,0.6270150753999999
0.369436836,0.37596610092741833,0.3736623447044326,0.3700103930199996,0.3627866355651286,0.3543056452
0.403165774,0.42941700047970177,0.42068703894666104,0.4134832191800003,0.4242900771764561,0.4219489484
0.702678919,0.678677716306285,0.6811279936345193,0.7004977147599999,0.6990620003186296,0.6981605686
0.377680188,0.37508237616028495,0.37236142425010393,0.3645722965199996,0.3489226123974247,0.3543056452
0.523572917,0.5324096621479015,0.5200822445385352,0.5197279125100005,0.5133570605015783,0.5302033474
0.524793971,0.5017029654148354,0.49098786436502406,0.5190257623100005,0.5099790912747575,0.5126511942
0.444452165,0.4382925831852974,0.43069413363206277,0.44504424643000035,0.43098107417209386,0.4430610789999999
0.623722766,0.6140674694545619,0.6090170945610015,0.6234717933099999,0.6253007074606534,0.6285427506
0.434726288,0.42300076094236916,0.41488321015557683,0.4289790676800002,0.4193871337007002,0.41976355839999996
0.648905326,0.6622622573530318,0.6610081097378483,0.6466609573399994,0.6614760499380998,0.6562506146
0.718496654,0.7110054927238888,0.7168143474256062,0.72287660502,0.7225516500521109,0.7273531768
0.722060567,0.6930240219183168,0.6985554515459117,0.7232866231899997,0.7241119099208873,0.7173764332
0.715333919,0.7122827263238328,0.7196243043086944,0.7162145032000007,0.7197341094140594,0.7153423798
0.62178788,0.636850410821428,0.6331419183363781,0.6334241146999996,0.6471350607039268,0.6533428120000001
0.641323935,0.6072758099849432,0.602550923333474,0.6348380093600009,0.6253007074606534,0.6244519068
0.464489509,0.4613247556631791,0.4521524016697364,0.4797620194500007,0.47348725243298356,0.4818403018
0.385388532,0.37677014164264666,0.37446752039360187,0.37702933724000004,0.3627866355651286,0.3712029662
0.611684523,0.5797181819000846,0.5719688094434817,0.6013911485600005,0.5785866237209858,0.5853511122
0.41743823,0.437540693472657,0.4292776443102375,0.4133554291699997,0.4215099656535628,0.42767647899999994
0.499030847,0.49312157522322286,0.4827298432943189,0.4965860037900001,0.48838520761582893,0.509125554
0.344029083,0.36235530810078564,0.3603136450784879,0.3433419074299997,0.3417132649654425,0.3424143086
0.548093475,0.5756222263908491,0.5676958430606059,0.562506095660001,0.571124009030718,0.5858402314
0.493943735,0.5180924581778018,0.5073414077309867,0.49303666506,0.5029944416725161,0.49606429700000004
0.699666352,0.6966126161733103,0.7009700279091439,0.7000414525400004,0.7006486376466845,0.704188766
0.441539564,0.4874580312665656,0.4762806104437877,0.4608645796500002,0.47186360953371737,0.4749336948
0.537752536,0.550645417092311,0.5415775885822397,0.5400426212999997,0.5471811039746197,0.5514190312
0.75005623,0.7446470960740045,0.7602667248962337,0.7563707485999993,0.7499241928907718,0.75866523
0.766438661,0.7340049358889388,0.7477967705585102,0.76060166581,0.7520349946096604,0.7344976682
0.61790083,0.6136517333746149,0.6085052975919677,0.6208034235599993,0.6253007074606534,0.630070657
0.508135923,0.487704116202077,0.4779749750235875,0.5017449707699996,0.48946806727731185,0.49547384120000004
0.414009564,0.4264430559453546,0.42101778692155156,0.41652059229999977,0.42894731106103656,0.4238928832
0.381566352,0.39742624355112866,0.3920955307390054,0.3822540074199998,0.3963939940791926,0.37001082900000004
0.309007512,0.3478578013426412,0.34936210501121306,0.32520725647000004,0.32735748710359097,0.3464169024
0.699182921,0.6758577919667065,0.678191350747183,0.6961400299800005,0.6990620003186296,0.6909157774
0.582958927,0.5760640167644099,0.5677448457594768,0.5804322761700006,0.573601495692267,0.5761519963999999
0.399586021,0.4310467114232711,0.42544349036002055,0.4142340083499998,0.428902309757395,0.4213691467999999
0.483212535,0.4821856312430294,0.47295839034927356,0.4841338277899998,0.48828788630627573,0.49818156360000004
0.540210832,0.5042658006087491,0.4964177747328231,0.5395536522399997,0.5375021932153901,0.5197043563999999
0.379850967,0.4528722732353557,0.4418098844485736,0.3988793380900001,0.41632720293886266,0.4154383514
0.519923765,0.5226234762850057,0.5128253830760576,0.5302139056500007,0.5333819496966778,0.537324739
0.652060266,0.6274015677620361,0.6221248403645256,0.6427836760600001,0.6292117073333113,0.6301193552
0.4955536,0.5158862000835881,0.5041664280921044,0.49374807516000024,0.5020526879918998,0.49020706700000005
0.671511581,0.6751485366810837,0.676394570170971,0.6667121710699998,0.6660079570479847,0.6643894394000001
0.724689658,0.6986137906230924,0.7029824821939087,0.7121048093400003,0.7003743491752541,0.6953386336
0.707735537,0.6819319683363204,0.684353430563506,0.7025115594699995,0.6990620003186296,0.6947112306000001
0.640651637,0.6647562534156386,0.6643917853469653,0.6452369122499997,0.6614760499380998,0.6563573694
0.661498482,0.6528310721973113,0.6501418456791829,0.6585885016999997,0.6475928356509179,0.6422288964
0.633933962,0.658843365858355,0.6559369429554441,0.6382476870300001,0.644092148564355,0.6325293656
0.549520134,0.5643592785691721,0.5534092599975038,0.5396066240999998,0.5438611168674272,0.5377888268
0.566943825,0.5801839259832787,0.5718135404324787,0.5668867609500008,0.5665556044016549,0.5786683254
0.599266027,0.6050892749661082,0.5983764914371311,0.6025991806999995,0.6088641482937754,0.604076356
0.609489573,0.6056048385130915,0.5995519397148982,0.6089825352599995,0.6088641482937754,0.6069760938
0.65665315,0.6163111133739695,0.6139337938304602,0.6607884124099992,0.6480438962056858,0.6404612484
0.663165187,0.6556941534641275,0.655377683075863,0.6684952984999994,0.6677905288461987,0.6575455634
0.33198546,0.3559984842133103,0.355901587896141,0.3374520690399994,0.3417132649654425,0.33562789200000004
0.347093793,0.40016644441236904,0.39513448646504656,0.3742713964699995,0.38761771063418743,0.390764095
0.374876806,0.3897238212511186,0.3856568511896631,0.37912973190000004,0.3837149392198689,0.39587376119999995
0.595095117,0.5982580493445336,0.5916825021864255,0.5954929467399999,0.5989769387727278,0.590865269
0.75,0.6639045459363199,0.6640594598480937,0.7180915531199998,0.6831015142467086,0.674380796
0.5893,0.5983964222345766,0.5896822327220964,0.5895685489700007,0.5888812994576169,0.579318304
0.5,0.5139862196280177,0.5017869695354118,0.4979937531300001,0.5020526879918998,0.4875272024
0.5,0.5018517028303227,0.49173948147965907,0.5003877473,0.507367816610183,0.5126511942
0.6607,0.6457529817217118,0.6405981034608311,0.6519263323999995,0.644092148564355,0.6372615079999999
0.5179,0.5125376822705004,0.5021966542725509,0.5096017913699996,0.5109208449553737,0.5086631504000001
0.4821,0.4697582157230822,0.46082657375081226,0.48120589696000043,0.4771115659877411,0.49805196779999994
0.375,0.415483377599289,0.40744617138597716,0.37886100851999993,0.38984728278200664,0.3949875338
0.75,0.6975301292327162,0.7055080108128208,0.7541346824,0.746727810134156,0.7559507134000001
0.5893,0.562197725501676,0.5528313314988715,0.5853268522400009,0.5725631548214793,0.5541912163999999
0.9107,0.789057402103221,0.8152605698614898,0.89069074,0.8799667640444767,0.8590631999999999
0.4821,0.4964511547079078,0.4848423413824308,0.4793944817700004,0.4822486998468915,0.473954872
0.7321,0.7115879342893444,0.7197338910706411,0.7230181481800005,0.7197341094140594,0.7136855038
0.4643,0.5055069437720294,0.4941192269409423,0.47837121455000076,0.4890361574209675,0.49730221639999994
0.7143,0.7048439609646074,0.7084453560133747,0.7134882047800002,0.7003743491752541,0.7327131308
0.5,0.5115751252067074,0.5008444679741212,0.49686537406000014,0.5020526879918998,0.49911856340000005
0.6071,0.5901113025283873,0.5826222120188944,0.6023253931000009,0.5995185892761283,0.583832756
0.5893,0.5497356676878705,0.5399907973348221,0.5683061983000005,0.5488206976032256,0.5512585891999999
0.5,0.5031758316452207,0.49231694455342656,0.5068723182600002,0.5099790912747575,0.5055111942000001
0.3958,0.412607164982044,0.4065543403798326,0.4099024892400002,0.4029336506733296,0.415297666
0.3542,0.3769138161294219,0.3731907256582479,0.34888063825999965,0.3484193609320885,0.35022223760000004
0.5208,0.5292634122932659,0.5173043978118321,0.5171860897200004,0.5133570605015783,0.5322137294
0.5,0.5006276143683025,0.4897156567362196,0.4992763001200002,0.4969625607038251,0.5049587942
0.3542,0.4029323316899863,0.39642374508649936,0.36343536549999955,0.36851675450204363,0.355033429
0.3125,0.41694988427416546,0.4055209238882867,0.31809445543999987,0.3295503916289613,0.369706975
0.3958,0.418269617810639,0.4125352543349666,0.4125753261600005,0.43137350004895286,0.4424186748
0.6667,0.6477180979715723,0.6459859991792395,0.6775290416999991,0.6677905288461987,0.689284162
0.5417,0.5243965154499362,0.5142244080360768,0.5446914011499997,0.534188521123845,0.537324739
0.6042,0.5914118488301481,0.5856564544106188,0.6084097126899998,0.6126816844441283,0.6067550382
0.4583,0.4637009367729371,0.4535562813196409,0.46474874952000034,0.4567137669323832,0.4655020658
0.6458,0.6512570039857595,0.6479452854717066,0.6444342145600005,0.644092148564355,0.6374212044
0.7292,0.6976833046564828,0.7024563245969303,0.71969670291,0.7170980840734225,0.7054046344
0.6458,0.6433419247482351,0.6400786320797858,0.6552247464200004,0.6504066274724539,0.6579756480000001
0.6667,0.6209137508410798,0.6175034218893948,0.6570308360699996,0.6471350607039268,0.6352632
0.6042,0.6125545850500279,0.6044404995700786,0.6014633869399996,0.5989769387727278,0.5898960059999999
0.7708,0.7298312126613514,0.7395319686574147,0.7383330040999997,0.7262495748411073,0.7251935620000001
0.4375,0.45720354666474317,0.4480890339239046,0.44838933634000006,0.4395196596484014,0.45626461459999995
0.3594,0.369714460551499,0.3690159406913018,0.3636534330000003,0.3627866355651286,0.3705115946
0.4688,0.4990354466172079,0.49011059032283877,0.49051162761000056,0.507367816610183,0.52704679
0.4688,0.44183786473755016,0.43386688166291665,0.4491974538500004,0.43098107417209386,0.450753479
0.4062,0.39126043525351595,0.3873783585665769,0.4003478546799992,0.3939113004240121,0.39587376119999995
0.3906,0.3918101792473442,0.38764561862392505,0.39172836025999935,0.3939113004240121,0.3970757612
0.4219,0.45116898052914023,0.4413197809523417,0.42123297761000045,0.4200520064488539,0.4230270708
0.4219,0.4148236833757304,0.4107996183324784,0.42234467419000027,0.42522173827701076,0.4228414
0.4688,0.49260037782340904,0.47916085738926517,0.4573108624400007,0.45962573138134466,0.46360267200000005
0.576923,0.6172725376529498,0.611630649360177,0.5939788193700009,0.61049617321496,0.616674602
0.692308,0.6445062448124731,0.6410317430436657,0.6744728606399994,0.6504066274724539,0.6643872720000001
0.269231,0.30993567843355374,0.31817637329505893,0.2850000300000002,0.29817946728161826,0.3076922000000001
0.576923,0.5345706119056848,0.5264567972220564,0.5679023029500005,0.5459666389576034,0.5346155539999999
0.307692,0.2945933593691922,0.3045678501371091,0.2938459899999998,0.2849242381905383,0.2692308
0.5,0.4626755267634284,0.4537426383172185,0.49419231022000026,0.47348725243298356,0.4818403018
0.769231,0.7056400627499291,0.7122715166310115,0.76127819611,0.7424278314902769,0.739849534
0.653846,0.6356985750077769,0.6335566535512506,0.6500791762600008,0.6471350607039268,0.653671236
0.769231,0.7464655709024636,0.7610499068268202,0.7633896718000003,0.7520349946096604,0.7557693679999999
0.807692,0.7841695250017672,0.8060881830135069,0.8003800101000015,0.7922514245312374,0.787499876
0.615385,0.6208543630310009,0.6170588970678116,0.627662317300001,0.6311789057888849,0.6352632
0.423077,0.40887306558295144,0.4039684517539248,0.42764446251999955,0.4230837756359933,0.4461536
0.576923,0.5746805365092872,0.5656142296149985,0.5732817221800006,0.5670155794515761,0.5700259878
0.576923,0.534650697040936,0.5236389522378434,0.5643754917800002,0.5345964147136941,0.5397369999999999
0.615385,0.580654870118836,0.5746511777243098,0.6189269038000014,0.6150500018855292,0.623077
0.538462,0.5460033601213167,0.5371876456728206,0.5399518539200003,0.5459666389576034,0.5383667232
0.5,0.529129441168167,0.520380184345677,0.51304967855,0.5311103172529157,0.5346155539999999
0.576923,0.5962435716060958,0.5891405303542806,0.5812611710400003,0.5975898504138133,0.590078633
0.807692,0.6978938453190972,0.7087233316286211,0.7821632971000008,0.7763469143131785,0.773077
0.269231,0.29959106619593134,0.3099194585930344,0.28000008000000026,0.2849242381905383,0.2846154
0.653846,0.6636620327848451,0.6616839399874783,0.6495155423100007,0.6614760499380998,0.6396607756000001
0.615385,0.5920809262777506,0.5861391452970933,0.6124987162000008,0.6126816844441283,0.6067550382
0.653846,0.6707363470604732,0.6709789503201449,0.6557747968500008,0.6660079570479847,0.6661204982
0.538462,0.481470324746368,0.47490149573199153,0.5352488912400005,0.5275669965792601,0.4965290958
0.576923,0.4933990486239236,0.4851145362439318,0.5582974027300005,0.536160927335829,0.5257824928
0.5,0.44018175526927616,0.43499571379598106,0.4948003684899999,0.47498406267539384,0.439642117
0.346154,0.3543139989123294,0.35508419174774963,0.3423068291599993,0.3468197873293941,0.343320292
0.5,0.5060340236639028,0.49779399095573684,0.5093774064500001,0.5080373528132311,0.5259443563999999
0.307692,0.3990095100470258,0.3922878273204461,0.3248791525099996,0.3362254088012459,0.35484547040000003
0.692308,0.6663739487564763,0.6663719030916944,0.6778655546199991,0.6696879879779195,0.6734028234
0.423077,0.3911656798573242,0.38599741639704643,0.38545172206999967,0.3691192891077713,0.3687082524
0.538462,0.5762376659516287,0.5660696665934868,0.5406071378800007,0.5524040114241675,0.5494280704
0.346154,0.3596898559921023,0.359578635760875,0.34428247759999936,0.3468197873293941,0.351012492
0.692308,0.6843046959790136,0.6889055625322111,0.6993742652899988,0.7014352678521506,0.7153848
0.384615,0.43563421356262133,0.4272799034366612,0.39834364839999964,0.4215099656535628,0.41097155800000007
0.461538,0.5211231267520132,0.5101548780846286,0.47335059214999975,0.4998530791070359,0.48837189700000005
0.730769,0.7094598798446169,0.712985589198247,0.72267072874,0.7080037674855695,0.7255522620000001
0.307692,0.3002583680533405,0.31071476737032805,0.2961536999999999,0.29817946728161826,0.2846154
0.346154,0.3389704615439759,0.3415401020800748,0.33879826479999947,0.33755325465938957,0.3464169024
0.538462,0.5409545307673107,0.5307256172248288,0.5346540587000006,0.532324782269932,0.5430538699999999
0.769231,0.7520916610881624,0.7685093238226038,0.7680713362999998,0.767934338269337,0.776202
0.807692,0.7879769964059589,0.8108139090852654,0.7991912122000012,0.7876999090885635,0.7896851920000001
0.423077,0.4696445291890311,0.4587075592947436,0.4413915362799996,0.45139229785958185,0.43991178
0.769231,0.6494608549997741,0.648440127885213,0.7220036546999999,0.6677905288461987,0.684738708
0.884615,0.8105110517475458,0.8376772529927518,0.8613128606999986,0.8782793302178971,0.79743582
0.153846,0.24431609059940923,0.2641562757473358,0.17076916,0.16986961506556902,0.18461540000000004
0.423077,0.43080017674078663,0.42547177511916967,0.41909499725999966,0.428902309757395,0.4343095492
0.807692,0.766337281375891,0.785319805562145,0.8008563838000013,0.7955312928177145,0.778846076
0.269231,0.32326878199829745,0.3281784985868671,0.27969295530000016,0.2953988544830908,0.3076922000000001
0.846154,0.7908427184257111,0.8163848738798296,0.8424244444999991,0.8413881386857409,0.8590631999999999
0.384615,0.36568728586893284,0.36467198932777445,0.37070417984999965,0.3489226123974247,0.34880300000000003
0.461538,0.4356534521376533,0.4265928651790053,0.44415761849999974,0.4295212690882468,0.41979151200000003
0.307692,0.3083690326117733,0.3173545116688748,0.2942771351799999,0.29817946728161826,0.29230760000000006
0.269231,0.28125391715447967,0.29519431847537203,0.27230786000000023,0.27488355521321706,0.2538464
0.192308,0.22794577367599478,0.25264003145340047,0.18500022000000022,0.18309669686556904,0.1846154
0.538462,0.5378185622529567,0.5259190627153791,0.5368333854000005,0.5345964147136941,0.5260433474
0.538462,0.5341372617716883,0.5256882492747792,0.5423943473500007,0.5416616898525294,0.5346155539999999
0.846154,0.8024780600587803,0.8313603668802919,0.8441756735999991,0.8409977984123074,0.8384616619999999
0.576923,0.5566639027004711,0.5484120830734484,0.5798956231700008,0.5709235611928735,0.5489436312
0.423077,0.45488740097184455,0.44541562270932517,0.42533321349999953,0.4360993465150214,0.4482625468
0.692308,0.6483436307865459,0.6466906834210592,0.6845224680999991,0.6677905288461987,0.689284162
0.807692,0.7629959405806748,0.7808229248990848,0.7891104060000012,0.7788660288142208,0.781730738
0.730769,0.7080195308041061,0.7129371363254017,0.7181667126199999,0.7163244544101122,0.7336747148
0.846154,0.8002012781528507,0.8257231913476021,0.8156076034999994,0.8229843512990561,0.7935096460000001
0.423077,0.47705862803388466,0.46585427598613105,0.4357554221799996,0.4528997590713994,0.43557696999999995
0.5,0.5595460139418855,0.5488734659041428,0.5173149844200001,0.5424013709588708,0.5421871968
0.807692,0.7818123828327371,0.8039664707465014,0.7987497836000016,0.7973207463880119,0.787499876
0.307692,0.3609566560583994,0.35993662324373443,0.3274857285799996,0.3417132649654425,0.34289510860000005
0.692308,0.69242442900336,0.6949689551418518,0.6944348292399988,0.6980010816417331,0.6836539700000002
0.346154,0.35190698372787954,0.35326862931710373,0.34247482479999936,0.34334167100141394,0.3387247024000001
0.461538,0.42761303226330794,0.4211246353315207,0.4506529970499999,0.4301172275573167,0.43782525219999996
0.615385,0.5896855810307086,0.5817405972045095,0.6035831985000009,0.5897901349593759,0.5780636180000001
0.692308,0.6835005757497735,0.6868208105612584,0.7029468246599991,0.7014352678521506,0.7067308000000001
0.769231,0.6922524783972299,0.6989477513836354,0.7659120415900001,0.746727810134156,0.7559507134000001
0.192308,0.2825226414508203,0.29564399939945163,0.22153872000000027,0.2319008177372634,0.26153860000000007
0.269231,0.2771010150638269,0.2911152960076703,0.25846178000000036,0.2586953467804351,0.2538464
0.538462,0.4741142041281259,0.46495760594922536,0.5128822943600005,0.49324912679478433,0.49650022
0.807692,0.7742998276588989,0.7941933426534179,0.8002823934000014,0.7973207463880119,0.80192283
0.769231,0.738008923185624,0.7521817760000535,0.7652562772200003,0.7520349946096604,0.7412397282
0.769231,0.7098366923299236,0.715254553455662,0.7477545851,0.7225516500521109,0.7273531768
0.423077,0.43960655930524395,0.4314852061456507,0.4292899368899997,0.42237381226834,0.42767647900000005
0.807692,0.7604370828341726,0.7790384575309338,0.7946468535000012,0.7900463880669835,0.781009538
0.730769,0.7278750680415068,0.7380702373164727,0.7249645253000001,0.7262495748411073,0.7268027920000001
0.153846,0.30412503004504854,0.3084174384114984,0.19041318018000003,0.17461554911866356,0.2655394506
0.5,0.525922398950084,0.5142033076987287,0.49433726251999993,0.5029944416725161,0.5065054800000001
0.461538,0.4950394547555599,0.48406951142918364,0.47416249866999977,0.47963742518231706,0.4828519514
0.153846,0.20336646146018383,0.23405982499607297,0.15499997,0.157846254885508,0.1846154
0.461538,0.42061955559884945,0.41475742404545635,0.45066326616999974,0.43812853099200066,0.4424186748
0.307692,0.31436810231940926,0.3210573597564492,0.30538435999999963,0.29817946728161826,0.29230760000000006
0.576923,0.601339457063755,0.5943971784335732,0.5890562302900004,0.5989769387727278,0.6061367754
0.615385,0.6264405352148468,0.6203230436541788,0.6210988595100013,0.6253007074606534,0.6247872651999999
0.653846,0.5741101972060632,0.5679416947701018,0.644099182680001,0.6238963591638865,0.623077
0.653846,0.6419966082280973,0.6404181937488924,0.6626690055000006,0.6613150210072815,0.6548076
0.538462,0.5313805310079646,0.523288977127369,0.5445701585500007,0.5416616898525294,0.5346155539999999
0.5,0.49698456769308896,0.4866930259361467,0.49862955049,0.49435128603925066,0.4970725636
0.769231,0.6982576776123856,0.705538670981297,0.7631977958599999,0.746727810134156,0.7434181451999999
0.730769,0.7155872061360641,0.7237614624827972,0.7303149020999997,0.7270651604638417,0.724999862
0.461538,0.48630029634760863,0.4764234947521476,0.46853658330999975,0.48072028484379997,0.4823619692
0.5,0.44638548924559507,0.43813592905043086,0.47020470163999994,0.44747814842293937,0.43991379999999997
0.615385,0.6337009193351929,0.6279477125834326,0.6265256983800009,0.6324832741018385,0.6316928291999999
0.730769,0.7143032393349896,0.7213369389650445,0.7271795100100001,0.7270651604638417,0.7240383679999999
0.384615,0.4421482166463585,0.43280990883405457,0.40156944086999935,0.4191881598340767,0.41979151200000003
0.538462,0.5590908548717094,0.5482860460837694,0.5416209413600004,0.5438611168674272,0.5368271968
0.153846,0.23572467833803495,0.25735118639908705,0.1642306899999999,0.16986961506556902,0.1846154
0.730769,0.718365041855943,0.7267806161611282,0.7290382471000002,0.7270651604638417,0.7384614
0.307692,0.39003748077443245,0.3850355349552709,0.34044279386999987,0.3517487554226647,0.3687082524
0.461538,0.5251927618204156,0.5141641875167269,0.48147140360999957,0.5040949480814565,0.48958314999999997
0.269231,0.26282728672497524,0.28055840684793953,0.24884628000000017,0.251946451238427,0.2615386
0.730769,0.6840550787740488,0.6873519033386027,0.7206249099999998,0.7014352678521506,0.7067308000000001
0.653846,0.6640082018849186,0.6642880175118562,0.6769575852000008,0.6666330507167738,0.6743807960000001
0.730769,0.7181897417244082,0.7270498706129923,0.7351921508999998,0.7270651604638417,0.73653837
0.576923,0.5721407533666968,0.5654035330595412,0.5864988830000006,0.5790351002256657,0.6076923999999999
0.269231,0.37817831251172296,0.37491727444481204,0.31330488142000007,0.341166077261787,0.35022223760000004
0.461538,0.42171581553830007,0.4143846099274974,0.44865105205999983,0.4372805142593221,0.42103009199999997
0.423077,0.39390851765792334,0.3897628144051126,0.40906007087999946,0.3939113004240121,0.3970757612
0.192308,0.22243524962232508,0.24718394489030487,0.18153861000000013,0.18309669686556904,0.16923080000000001
0.538462,0.5865155629599698,0.578688653112205,0.5558826035200005,0.5538652733384734,0.5780636180000001
0.384615,0.3899916416942282,0.3866968904232617,0.39156546509999934,0.3939113004240121,0.3978214
0.653846,0.6727116621964246,0.6733663068399799,0.6567259492400008,0.6660079570479847,0.6584281282
0.923077,0.8353942711878438,0.8723758121534512,0.8945421651000003,0.9033697003445973,0.8421401679999999
0.423077,0.44129770313062744,0.4317938630733005,0.4175177848699996,0.4191881598340767,0.41979151200000003
0.615385,0.5739515615637937,0.5687714834634569,0.6196156900000015,0.6165362290936108,0.623077
0.346154,0.3176701249780205,0.3252581180074491,0.31290801758999987,0.30957165896562366,0.3076922000000001
0.846154,0.7844862407038254,0.8084081296479876,0.8253352153999995,0.8193155410292134,0.83790923
0.615385,0.5726343974663501,0.5671215275976705,0.6253188881100014,0.6165362290936108,0.623077
0.384615,0.41164314004425917,0.40538371196343,0.38945659389999965,0.39323719322302997,0.415297666
0.423077,0.38806028682247523,0.3857041737826179,0.41147562190999937,0.3944145518893484,0.393820321
0.730769,0.7251349179487684,0.7362843590834711,0.7318035726100001,0.73772337879057,0.7206329199999999
0.5,0.5450547198771548,0.5338316685997616,0.5120462255999998,0.5284466135646833,0.5199302539999999
0.538462,0.5843880002834306,0.5750307006438323,0.5447346957800007,0.5562441847723952,0.5484665464
0.384615,0.44677172881093585,0.4381338138704481,0.3999139054999996,0.4200520064488539,0.436538416
0.846154,0.7852668047956376,0.8110782602371582,0.8659024099999992,0.8526872687744134,0.8513708
0.653846,0.6583325735238447,0.6589921340514452,0.6662585694600007,0.6684804891119601,0.6763393454
0.269231,0.2974898246439626,0.30777891014772896,0.2750001500000003,0.2849242381905383,0.29230760000000006
0.269231,0.3501078663293722,0.3485124152332312,0.2760868186200003,0.28936297205731754,0.3030954672
0.769231,0.7429883952594131,0.757187085851189,0.7623542436200001,0.7520349946096604,0.75866523
0.576923,0.6035715725854941,0.5958127780430803,0.5834941151900004,0.5975898504138133,0.5924407394
0.538462,0.5340724042449309,0.5248464352162011,0.5353849362000006,0.5311103172529157,0.5346155539999999
0.615385,0.6167275580489157,0.6108405226205008,0.6123235989100011,0.61049617321496,0.616674602
0.423077,0.45068641621801464,0.4419692506152376,0.4258707887599995,0.4360993465150214,0.4200973288
0.730769,0.6999450060913782,0.7052260089609997,0.72198238559,0.7170980840734225,0.7054046344
0.769231,0.7601783356116846,0.7771265474574965,0.7679729145000002,0.7655747449243604,0.7743590039999999
0.384615,0.402366857983505,0.39911590219198906,0.3973291101799996,0.41062683602219047,0.430769
0.769231,0.7052835694178047,0.7118647180339678,0.7605697610300001,0.7424278314902769,0.739849534
0.692308,0.6689414749336812,0.6662545685750672,0.6761519360899991,0.669981996328732,0.6483413104
0.423077,0.39687547435768034,0.39308746999408894,0.4156973387099994,0.4027986518925561,0.40551879999999996
0.538462,0.5027752462110893,0.4919119754876659,0.5277880544900007,0.5099790912747575,0.5055111942000001
0.461538,0.4116018398395175,0.406841831351864,0.44882942937999964,0.4372805142593221,0.4461536
0.653846,0.5730818256088706,0.5676156887601398,0.6418709736000011,0.6238963591638865,0.623077
0.692308,0.6993474166244338,0.7034665374473957,0.6928440976799989,0.7003743491752541,0.6968611316000001
0.5,0.50661481617312,0.49651910575150615,0.5025227827200001,0.507367816610183,0.5085387942
0.423077,0.4843758943316351,0.47253118553641593,0.43094569717999964,0.4518168994099165,0.4672414948
0.730769,0.6284468415295896,0.6296497918053939,0.71015114512,0.685831054925063,0.66467063
0.461538,0.40800663023469597,0.4031533514829658,0.44348723945999974,0.4330789500532411,0.4361376659999999
0.538462,0.4590250565269991,0.44988622269017514,0.5114279698400004,0.479223840644981,0.4727057018
0.730769,0.7282213556756111,0.7391158698574983,0.7335001920000002,0.73772337879057,0.721594458
0.269231,0.34664777056612056,0.34621681979026964,0.2759341074000003,0.28936297205731754,0.30074255920000004
0.653846,0.6538122074817622,0.6524027974044954,0.6621153002000005,0.6677905288461987,0.658653846
0.384615,0.38797227627393427,0.3834582309421325,0.3712937968999999,0.36495102061417883,0.3673703432
0.230769,0.24442644671347774,0.26575021346408834,0.21884607,0.22997443226537972,0.2
0.461538,0.4181946726502529,0.41232525614545423,0.45657999739999966,0.4372805142593221,0.4424186748
0.5,0.5088296254856858,0.4998199694398541,0.5056659807,0.5083095702907993,0.514431015
0.423077,0.38192431432034674,0.3800770437985931,0.4061957744499994,0.3944145518893484,0.39397502739999996
0.423077,0.4824351961148251,0.47229620179168186,0.4533251661199996,0.46405444767001885,0.46753548460000005
0.538462,0.5491487299666825,0.5382018617840881,0.5333087994000004,0.5406375797929028,0.5226545199999999
0.346154,0.35825350689932706,0.358410991686397,0.34511453431999933,0.3468197873293941,0.343320292
0.5,0.5098568054171745,0.49809248898511943,0.49723135955000025,0.5020526879918998,0.48872053639999996
0.538462,0.5860778016048444,0.5780012332792316,0.5420219725300006,0.5538652733384734,0.5780636180000001
0.461538,0.41988052360360084,0.4137601240051282,0.4547924080399997,0.4372805142593221,0.4424186748
0.5,0.5412781553097141,0.5298437710408241,0.5146560061599998,0.5298128577549873,0.517919672
0.730769,0.6870268481136396,0.6907351926538442,0.7176572763700002,0.7014352678521506,0.7047275340000001
0.692308,0.6513423656825496,0.6494713445491141,0.6830115589999992,0.6677905288461987,0.6679195800000001
0.5,0.4835038127949064,0.4748274029871964,0.5002441978300001,0.4970356687397876,0.49089887479999994
0.307692,0.31784239281312043,0.32286980907800544,0.3067692226499996,0.29817946728161826,0.3076922000000001
0.423077,0.4098566829764997,0.4050871965915702,0.4311537899999995,0.43441878809007345,0.4461536
0.846154,0.8029163352073944,0.8304692211037025,0.8366720642999987,0.8306622323665566,0.811778908
0.692308,0.7010984498580354,0.7054056379552228,0.6917922869599988,0.7003743491752541,0.6968611316000001
0.346154,0.3311102355169612,0.335671699059211,0.3426711708299994,0.34124407964673037,0.33846160000000003
0.5,0.5357787563449329,0.5263797445630808,0.5159652842200002,0.5311103172529157,0.5331744864
0.615385,0.62291512498389,0.6187595088130685,0.6208805335000008,0.6292117073333113,0.6256994539999999
0.538462,0.5689004269283006,0.5583667858667344,0.5446361389500004,0.5438611168674272,0.5590226927999999
0.692308,0.684183821532577,0.6873891860511413,0.7044813253699993,0.7014352678521506,0.7067308000000001
0.730769,0.7305880152818526,0.7404085962998815,0.7333939421000001,0.7262495748411073,0.719424378
0.769231,0.7378467887535849,0.7488455009758095,0.7495265969000003,0.7409755599689506,0.72517478
0.538462,0.5177741425813398,0.5082776518725896,0.5332132654000007,0.5324062656003503,0.530321257
0.653846,0.6294735722635169,0.6270875706161626,0.6504723724000009,0.6471350607039268,0.6429554
0.692308,0.6768448905650387,0.6807362863831898,0.7004777743099989,0.7014352678521506,0.703449368
0.576923,0.5192248798246938,0.512275146279799,0.5585577201000007,0.549120294820371,0.5340037823999999
0.461538,0.44601344007740196,0.4393125308396331,0.47750575020999975,0.46639460601544713,0.47495803299999995
0.576923,0.5939574061647468,0.5849416457009949,0.5645740229300005,0.5577556652335702,0.59304208
0.538462,0.5481494482150614,0.5395469335610383,0.5390264054800006,0.5459666389576034,0.5489436312
0.769231,0.6931919656529929,0.7012002367786692,0.7652405662000001,0.746727810134156,0.773077
0.653846,0.6464306143888295,0.6457556997475126,0.6543180683000004,0.6645189620776716,0.650174762
0.461538,0.41266117300956495,0.4071786681975226,0.4468462132599996,0.4372805142593221,0.43300599999999995
0.807692,0.7725958991295739,0.7936562251940789,0.8018747259000015,0.7955312928177145,0.7971151379999999
0.269231,0.2684828343431287,0.28354230962549154,0.24730784000000028,0.2367233278073878,0.2538464
0.576923,0.5239619670334724,0.5138885103060724,0.5655417447500004,0.5377108211238449,0.537324739
0.384615,0.4175344659121637,0.40997556328048546,0.3871548006799996,0.39323719322302997,0.4141304035999999
0.653846,0.6440641448982327,0.639555051874975,0.6555557567600003,0.6504066274724539,0.6596908
0.5,0.49378165828240217,0.4815813546525487,0.48884754028000027,0.4827020565183355,0.46626267200000004
0.307692,0.3119332875318467,0.31942710165972577,0.3049997499999997,0.29817946728161826,0.3076922000000001
0.769231,0.7192425023314452,0.7283398546000783,0.7529003655,0.7270651604638417,0.73653837
0.615385,0.5995217273672927,0.5925234325070851,0.6053950597600012,0.5989769387727278,0.5967288594
0.576923,0.5667150705247014,0.5601323895172031,0.5847944231000006,0.5753571107925296,0.6153846
0.576923,0.48630689143715056,0.475619020951058,0.5335783874000005,0.506998869063684,0.4804216822
0.576923,0.5690703985136265,0.5596335104675937,0.5753637659700006,0.5693021142799398,0.5720683784
0.576923,0.5716909968541333,0.5614230864727012,0.5691553123600006,0.5670155794515761,0.5509618
0.538462,0.5886203020861366,0.5801773028519547,0.5487459503000005,0.5538652733384734,0.571066694
0.423077,0.44848993217038946,0.4399546502535046,0.43153309709999965,0.4360993465150214,0.436538416
0.769231,0.7563289662626468,0.7723038350845757,0.7590110514,0.7655747449243604,0.7560097079999999
0.615385,0.569775443604606,0.5617813606844142,0.6006133570900012,0.5826860491888087,0.5788879268
0.846154,0.7911569889274247,0.8160931034526367,0.8367789702999991,0.8363188168289665,0.83269243
0.576923,0.5938437978419081,0.5856030944611953,0.5871772794000008,0.5888812994576169,0.5883232140000001
0.423077,0.46205169511058986,0.45034232245141326,0.40531564801999975,0.405671628764507,0.40123246339999996
0.692308,0.681295650302343,0.6821534485678992,0.6832657764099993,0.6660079570479847,0.677644292
0.730769,0.6674872752238576,0.6711875432510058,0.7213203144299999,0.711474588852942,0.6787868374000001
0.384615,0.3826695007562225,0.38037650680186985,0.38577436746999966,0.3913108261154231,0.39397502739999996
0.461538,0.48275130702389857,0.4745194361773514,0.48030449253999985,0.4970356687397876,0.49089887479999994
0.384615,0.3445675196295376,0.3475219517453382,0.3648623432999996,0.35458390319102995,0.3464169024
0.384615,0.3835172484432624,0.3828249427460488,0.3949160239799995,0.3944145518893484,0.393820321
0.384615,0.3862480166863469,0.3827832130760018,0.37842571041999973,0.3837149392198689,0.3831383612
0.576923,0.5323739059497828,0.5226520398551632,0.5594970080200002,0.5324765614432198,0.5331744864
0.423077,0.41006632189607084,0.4041196657801601,0.4142408031999995,0.4082966069009656,0.415297666
0.076923,0.16277362347778296,0.20299553939192572,0.11499996000000007,0.08880722440689715,0.15384620000000002
0.653846,0.6499407208305298,0.6477156834708844,0.6640538286600005,0.6645865877758086,0.673688872
0.653846,0.6164885079650056,0.6117537670710472,0.6407910415600006,0.6292117073333113,0.6271709191999999
0.461538,0.46494045903198555,0.4592776292996136,0.47260638211999967,0.489784696548686,0.4860576
0.730769,0.7181891841065445,0.7262770874104901,0.7276774505,0.7270651604638417,0.7269228919999999
0.846154,0.7923700117874378,0.8176255189217038,0.839299435199999,0.8363188168289665,0.8221154760000001
0.461538,0.43484417516560425,0.4275437020400582,0.45150404585,0.43098107417209386,0.4430610789999999
0.692308,0.6861745846399181,0.6891573640412939,0.696869343349999,0.6982753701131635,0.6970353340000001
0.730769,0.7346233985497143,0.744560087839259,0.7287052675999999,0.7262495748411073,0.72517478
0.538462,0.5770930759412537,0.5672597650932626,0.5405424675000007,0.5524040114241675,0.5552773363999999
0.807692,0.751003818449989,0.7639053134637644,0.7672166635000007,0.7732701150541427,0.745454484
